ITA_ID,Ayurveda_Term,Search_Term_Used,Sanskrit_IAST,Sanskrit,Description,SNOMED_Code,SNOMED_Name,Match_Source,Match_Status,scispaCy_CUI,scispaCy_Name,scispaCy_Score,PDF_Page
ITA-5.8.1,Dysentery,Dysentery,pravāhikā,प्रर्ावि्का,"A disorder characterized by some or all the following signs and symptoms: strained defecation, stools mixed with blood; thirst; colicky pain in abdomen; internal burning sensation; proctitis; fever; burning sensation.",36188001,Shigellosis,UMLS_API,Matched,C0013369,Dysentery,0.9628,173
ITA-5.9.1,Chronic diarrhoea with malabsorption of nutrients,Chronic diarrhoea with malabsorption of nutrients,grahaṇīroga,ग्रिणीिोग,"Malabsorption develops in persons who have been treated for diarrhoea but still have poor digestion; as well as in those with poor digestion who indulge in unsuitable foods and activities. Due to provoked dosha, the grahani becomes affected and impairs agni functions. It is characterized by undigested food matter within stools/faeces with āma/unformed stools (vimuñcati āma-mala-pravr̥ttiḥ/bhuktamāmaṁ vimuṁcation); expulsion of digested food; painful defecation; faeces with foul odour; formed stools interspersed with loose stools; faeces mixed with āma; faeces mixed with food; faeces mixed with undigested food; sudden well-formed hard stools; sudden onset of loose stools; longstanding pedal oedema; oedema on hands; emaciated/thin/malnourished person; pain in small joints; greediness; thirst; vomiting; fever; loss of taste; burning sensation; acidic eructation; bitter belchings/ eructations; sour belching/eructation; eructation with metallic smell; eructation with smoky smell; eructation with smell of raw meat; excessive salivation; dysgeusia/tastelessness; black-outs and loss of taste.",226355009,Nutrients,UMLS_API,Matched,C0678695,Nutrients,0.9804,174
ITA-5.10.1,Haemorrhoids,Haemorrhoids,arśaḥ,अशवाः,"Vitiated dosha affecting the skin, flesh and fat and causing sprout-like growths of flesh in various patterns in the anal region.",70153002,Hemorrhoids,UMLS_API,Matched,C0019112,Hemorrhoids,0.9908,176
ITA-5.11.1,"Subdued digestive, metabolic factors",Subdued digestive,mandāgniḥ,मनदाव्नः,A disorder characterized by some or all the following signs and symptoms: difficulty in digestion of food after a long time even though of proper quantity; heaviness of abdomen; heaviness of head; cough; breathlessness/difficulty in breathing; excessive salivation; vomiting; bodily exhaustion or tiredness; abdominal distension; constipation; gurgling intestinal sounds/borborygmi; dryness of mouth; inactivity/ inertia of anus.,106079008,Digestive system function,UMLS_API,Matched,C0012238,Digestion,0.9795,182
ITA-5.12.1,"Acute, severe gastroenteritis","Acute, severe gastroenteritis",visūcikā,वर्सूवि्का,A disorder characterized by some or all the following signs and symptoms: a needling type of pain in body; expulsion of āma from upper and lower orifices; i.e. mouth and anus; syncope or swooning; diarrhoea; vomiting; thirst; colicky pain in abdomen; giddiness or dizziness; cramps; yawning; generalized body aches; dryness of mouth; excessive talking/ irrelevant speech/incoherent speech; sunken eyes; severe headache; severe pain in cardiac region; contraction movement of head; rigidity of head; loss of thirst; impairment of agni; stiffness of sides of chest; stiffness of back; burning sensation; discoloration; intoxication; tremors; pain in precordial region/angina pectoris; headache; borborygmi with distension; rigidity/stiffness; fever; feeling of heaviness in body; impediment of speech/dysphasia; spitting/excessive expectoration; loss of taste; excessive salivation; bodily exhaustion or tiredness/inability to perform physical activities; indigestion; fever with chills; lethargy.,27942005,Shock,UMLS_API,Matched,C0205178,acute,0.988,185
ITA-5.13.1,External worm infestation,External worm infestation,bāhyajakṛmiḥ,बाह्यज्कृवमः,A disorder characterized by some or all the following signs and symptoms: itching; wheal-like skin eruptions; papules/ eruptions; nodular swelling.,261074009,External,UMLS_API,Matched,C0205101,Extrinsic,0.9766,185
ITA-5.14.1,Anaemic syndrome,Anaemic syndrome,pāṇḍurogaḥ,पाण्ुिोगः,"A disorder characterized by some or all the following signs and symptoms: a constant sound in the ear; destroyed agni; weakness; exhaustion; aversion to food; exhaustion/fatigue; giddiness or dizziness; body pain; fever; difficulty in breathing; heaviness of body; loss of taste; rubbing type of pain in body; squeezing type of pain in body; body feels as if being churned; swelling of ocular orbits; greenish discoloration of body; fragility/loss of body hair; loss of lustre; anger/irritability; aversion to cold; sleepiness; spitting/excessive expectoration; reduced talking; claudication/cramp in the calf muscles; low back pain; pain in thighs; pain in feet; feeling of weakness of hip region; fatigue/weakness in thighs; feeling of weakness of feet/legs; exertion/dyspnoea on climbing; laxity/looseness of dhātu; decreased quality of ojas; reduced raktadhātu/ depletion of rakta; reduced medodhātu/depletion of medodhātu; reduction in sāra of dhātu/sapless/weakness; laxity of organs of physical action, i.e. hands, legs and tongue (karmendriya), and cognitive organs (jñanendriya); heart palpitations; weakness of limbs/motionlessness. A complex disorder representing various conditions: anaemia, liver derangement, splenic disorders, etc.",1290892007,"Bier anemic spots, cyanosis, and urticaria-like eruption syndrome",UMLS_API,Matched,C0302810,Uremia syndrome,0.7603,187
ITA-5.15.1,Jaundice,Jaundice,kāmalā,्कामला,Excessive secretion of bile or obstruction to bile resulting in jaundice.,18165001,Jaundice,UMLS_API,Matched,C0022346,Icterus,0.9475,189
ITA-5.16.1,"Haemorrhage from external and internal orifices, bleeding disorders",bleeding disorders,raktapittam,ि्तवप्तम्,"A disorder characterized by some or all the following signs and symptoms: bleeding from body orifices in its upper part, i.e. mouth, nose, eyes and ears; bleeding from body orifices in its lower part, i.e. anus, penis and vagina; bleeding from both body parts; bleeding through hair follicles.",26322001,Bleeding from ear,UMLS_API,Matched,C0005779,Blood Coagulation Disorders,0.9804,191
ITA-5.17.1,"Consumption disorder complex, diminution of structural components",Consumption disorder complex,rājayakṣmā,िाजयक्मा,,103360007,Complex,UMLS_API,Matched,C0439855,Complex,0.9903,191
ITA-5.18.1,Cough,Cough,kāsaḥ,्कासः,,49727002,Cough,UMLS_API,Matched,,,0.0,194
ITA-5.19.1,Hiccup,Hiccup,hikkā (hidhmā),विक्का (विरमा),"A disorder characterized by vayu repeatedly and forcefully brought out, accompanied by sound; feeling as if liver; spleen and intestines are being expelled through the mouth; making noise, and causing sudden death.",65958008,Hiccoughs,UMLS_API,Matched,C0019521,Hiccough,0.9829,196
ITA-5.20.1,Dyspnoea,Dyspnoea,śvāsaḥ,श्ासः,A disorder characterized by difficult and hurried respiration.,267036007,Dyspnea,UMLS_API,Matched,C0013404,Dyspnea,0.9849,198
ITA-5.21.1,"Hoarse voice, altered voice",Hoarse voice,svarabhedaḥ,सर्िभेदः,,50219008,Hoarse,UMLS_API,Matched,C0019825,Hoarseness,0.9688,199
ITA-5.22.1,Anorexia,Anorexia,arocakaḥ,अिोि्कः,,56882008,Anorexia nervosa,UMLS_API,Matched,C0003123,Anorexia,0.9688,201
ITA-5.23.1,Vomiting,Vomiting,chardiḥ,छिरदःवा,,422400008,Vomiting,UMLS_API,Matched,C0042963,Vomiting,0.9574,201
ITA-5.24.1,Morbid thirst,Morbid thirst,tṛṣṇā,तृक्णा,A disorder characterized by an incessant desire for water.,,,,Unmatched,,,0.0,203
ITA-5.25.1,Syncope,Syncope,mūrcchā,मू्छिावा,Temporary loss of consciousness.,271594007,Syncope,UMLS_API,Matched,C0039070,Syncope,0.9831,205
ITA-5.27.1,Burning sensation,Burning sensation,dāhaḥ,दािः,A disorder characterized by warmth amounting to a burning sensation.,90673000,Burning sensation,UMLS_API,Matched,C0085624,Burning sensation,0.9737,208
ITA-5.28.1,Psychosis,Psychosis,unmādaḥ,उनमादः,A disorder characterized by some or all the following signs and symptoms: a confused state of mind; altered state of judgement; altered consiousness/peripheral sensations; altered memory; altered desire/likings; impaired character; agitated activities; impaired behaviour; confused intellect; fickleness of mind; perplexed appearance; restlessness; incoherent speech; loneliness/lack of alertness; feeling of pain in body; feeling of happiness in body; undertaking activities without any forethought; sudden lack of happiness; sudden lack of sorrow; sudden loss of righteous things; sudden loss of nonrighteous things; wandering abruptly.,69322001,Psychotic disorder,UMLS_API,Matched,C0033975,Psychotic Disorders,0.9829,210
ITA-5.29.1,Epilepsy,Epilepsy,apasmāraḥ,अपसमािः,A disorder characterized by some or all the following signs and symptoms: perversion of memory; perversion of intellect; perversion of cognitive psychic faculties; possessing transient/episodic abnormal activities; feeling as if entering into darkness; confusion; seeing unreal scenes or nonexistent things; falling down/fumbling; flickering tongue; fluttering eyes; fluttering eyebrows; excessive salivation; jerking hand; jerking leg; abnormal tongue movements; abnormal frowning; unstable eyeball movements; teeth-grinding; frothy vomiting; dilated and widened eyes; regaining consciousness after a time/abnormal movements or behaviour after a subsequent time; redness/congestion/inflammation.,84757009,Epilepsy,UMLS_API,Matched,C0014544,Epilepsy,0.9931,214
ITA-5.31.1,Stiff thighs with loss of sensation,Stiff thighs with loss of sensation,ūrustambhaḥ,ऊरुसतमभः,A disorder characterized by some or all the following signs and symptoms: severe tiredness of calf muscles; severe tiredness of thighs; slight burning; slight pain; pain on stepping; inability to perceive cold touch; inability to stand; inability to tolerate pressure; inability/difficulty in walking; inability to move; feeling as if thighs are broken; feeling as if legs are broken; stiffness of thigh; loss of sensation in thigh; thigh feeling as if it belongs to someone else; heaviness of thigh; severe frequent pain; insensibility/meditatitve appearance; generalized body aches; sensation of being covered with a wet cloth; drowsiness/lassitude; vomiting; loss of taste; fever; feeling of weakness of feet/legs; difficulty in raising/lifting legs; numbness.,C1517945,Loss,scispaCy_UMLS,Matched,C1517945,Loss,0.9933,216
ITA-5.33.1,Hyperacidity,Hyperacidity,amlapittam,अमलवप्तम्,A disorder characterized by some or all the following signs and symptoms: indigestion; exhaustion without exertion; nausea/provocation of dosha; bitter belchings/eructations; sour belchings/eructations; heaviness; burning sensation in precordial/cardiac region; burning sensation in throat; loss of taste.,61627001,Hyperchlorhydria,UMLS_API,Matched,C0151713,Hyperchlorhydria,0.9891,218
ITA-5.34.1,Abdominal colic,Abdominal colic,śūlaḥ,शूलः,A disorder characterized by pain in abdomen; painful expiration; afflicted with pain; severe pain as if pierced by a nail.,9991008,Abdominal colic,UMLS_API,Matched,C0232488,Abdominal colic,0.9737,219
ITA-5.36.1,Constipation and abdominal distension,Constipation and abdominal distension,ānāhaḥ/ ādhmānam,आिािः/आरमािम्,A disorder characterized by some or all the following signs and symptoms: gurgling intestinal sounds/borborygmi; excessive pain; abdominal distension; obstruction of flatus.,60728008,Swollen abdomen,UMLS_API,Matched,C0000731,Abdomen distended,0.9753,224
ITA-5.37.1,Lumps or growths (stable or transitory) in abdomen,Lumps or growths (stable or transitory) in abdomen,gulmaḥ,गुलमः,A disorder characterized by some or all the following signs and symptoms: being confined to mahāsrotasa; obstructing upper and lower orifices; colicky pain in abdomen; glandular swelling on palpation; glandular swelling between cardiac and bladder regions; glandular swelling which is mobile; glandular swelling which is fixed; glandular swelling increasing and decreasing in size; circular glandular swelling; sharp pierceing type of pain; severe pain; difficulty in breathing; rigidity/stiffness.,58158008,Stable,UMLS_API,Matched,C0205360,Stable status,0.9964,224
ITA-5.38.1,Heart disease,Heart disease,hṛdrogaḥ,हृद्रोगः,,194828000,Angina pectoris,UMLS_API,Matched,C0018799,Heart Diseases,0.9898,227
ITA-5.39.1,Difficulty in urination,Difficulty in urination,mūtrakṛcchram,मूरि्कृ्छ्रम्,,102835006,Difficulty passing urine,UMLS_API,Matched,C1299586,Has difficulty doing (qualifier value),0.9803,229
ITA-5.40.1,Urinary calculus,Urinary calculus,aśmarī,अशमिी,A disorder characterized by some or all the following signs and symptoms: obstructed passage of urine; pain in urinary bladder region or basti; pain in perineal raphe; penile pain; scattering of urinary stream/split-stream urination; rubbing of penis due to pain; frequent passing of stools; frequent urination; passage of urine mixed with blood; pain in umbilical region; severe pain; urine resembling gomedaka stone/pale yellow; excessively turbid urine; gravel in urine; headache; comfortable passage of clear urine when stone is evacuated.,95566004,Urolithiasis,UMLS_API,Matched,C0042018,Urinary Calculi,0.9709,233
ITA-5.41.1,Polyuria disorders,Polyuria disorders,pramehaḥ,प्रमेिः,Group of disorders characterized by increased urinary quantity and frequency with or without turbidity.,1296758008,Vasopressin-related polyuria,UMLS_API,Matched,C0012634,Disease,0.7231,235
ITA-5.42.1,Obesity,Obesity,medorogaḥ,मेदोिोगः,A disorder defined by excessive body mass and characterized by some or all the following signs and symptoms: decreased life expectancy; decreased sexual potency; snoring due to obstructed respiration; voracious appetite; dyspnoea on exertion; thirst; bad odour; tendency of fat to accumulate in the abdomen and bones; confusion/delirium; bodily exhaustion or tiredness; sleepiness; sweating; vigour not in proportion to body bulk; pendulous breasts; pendulous buttocks; pendulous abdomen.,414916001,Obesity,UMLS_API,Matched,C0028754,Obesity,0.9891,240
ITA-5.43.1,Generalized abdominal enlargement due to ascites or other localized reason,Generalized abdominal enlargement due to ascites or other localized reason,udararogaḥ,उदििोगः,A disorder characterized by some or all the following signs and symptoms: bodily exhaustion or tiredness/inability to perform physical activities; abdominal distension; inability to walk; drowsiness/lassitude; burning sensation; diminution of agni; sluggish passage of faeces; weakness; retention of flatus; oedema; gurgling intestinal sounds/borborygmi; pedal oedema; oedema in hands; diminution of agni; shiny and glossy cheeks; dryness of palate; dryness of lips; inability to do physical work; loss of strength; inability to take/digest food; emaciated/thin/malnourished; swollen abdomen; person resembling a dead body.,389026000,Ascites,UMLS_API,Matched,C0003962,Ascites,0.989,240
ITA-5.44.1,Oedema,Oedema,śvayathuḥ/ śothaḥ/ śophaḥ,श्यरुः/शोरः/शोफः,A disorder characterized by some or all the following signs and symptoms: a feeling of heaviness; unstable/inconsistent/ shifting in nature; swelling; warmth; prominence of vessels; horripilation; discoloration; swelling between tvak and māṃsa.,79654002,Edema,UMLS_API,Matched,C0013604,Edema,0.9805,244
ITA-5.45.1,Hydrocoele and related disorders,Hydrocoele and related disorders,vṛddhiḥ,र्ृवद्ः,A disorder characterized by penile and scrotal swelling; roughness; dryness.,64572001,Disease,UMLS_API,Matched,C0012634,Disease,0.9938,246
ITA-5.46.1,Hernia,Hernia,"antra-vṛddhiḥ, bradhna","अनरि-र्ृवद्ः, ब्रध्",A disorder characterized by some or all the following signs and symptoms: frequent entry of the intestines from the abdomen into scrotum and their exit (through inguinal canal); may be associated with fever; burning sensation; dryness/ wasting/emaciation.,396232000,Inguinal hernia,UMLS_API,Matched,C0019270,Hernia,0.9865,247
ITA-5.47.1,Goitre,Goitre,galagaṇḍaḥ,गलगण्ः,A disorder characterized by some or all the following signs and symptoms: swelling of anterior side of the neck; single swelling; swelling demonstrating symptoms of vata and kapha; localized swelling; growing in size with time; swelling hangs like a scrotum in the neck; big or small swelling in the neck; excessive pain.,3716002,Goiter,UMLS_API,Matched,C0018021,Goiter,0.9678,247
ITA-5.48.1,Scrofula (cervical tuberculous lymphadenitis),cervical tuberculous lymphadenitis,gaṇḍamālā,गण्माला,"A disorder characterized by some or all the following signs and symptoms: flesh-coloured nodular swellings on the neck which are hard; unctuous; brinjal-shaped; deep; some undergoing ripening and causing mild pain; some exuding fluid and causing severe itching; some disappearing; some reappearing; chronic in nature; glands resembling Zizyphus jujuba fruit (aproximately 2.5 to 6 cm), Piper chaba fruit (up to 7 cm) and Embelica officinalis fruit (2 to 2.5 cm). The closest diagnosis is tuberculous lymphadenitis.",54084005,Cervical tuberculous lymphadenitis,UMLS_API,Matched,C0036467,Scrofula,0.9758,248
ITA-5.49.1,"Nodular swelling, cyst",Nodular swelling,granthiḥ,ग्रवनरः,A disorder characterized by raised swelling; knotted swelling; rounded swelling.,300890009,Swelling absent,UMLS_API,Matched,C0577599,Swelling absent,0.7063,248
ITA-5.50.1,Tumour,Tumour,arbudaḥ,अबुवादः,A disorder characterized by some or all the following signs and symptoms: deep-rooted elevation of muscle; slowly growing and nonsuppurating swelling; slightly painful swelling; broad and deep-rooted swelling; round swelling; fixed swelling.,363346000,Malignant neoplastic disease,UMLS_API,Matched,C0027651,Neoplasms,0.9993,250
ITA-5.51.1,Filariasis,Filariasis,ślīpadaḥ,श्लीपदः,A disorder characterized by some or all the following signs and symptoms: painful swelling associated with fever; swelling usually affects the limbs; preponderantly the lower limbs with an origin in the groin and spreading to legs.,105706003,Disease caused by Filarioidea,UMLS_API,Matched,C0016085,Filariasis,0.9839,250
ITA-5.52.1,Abscess,Abscess,vidradhiḥ,वर्द्रवधः,"A disorder characterized by some or all the following signs and symptoms: a deep-seated swelling which is broad-based; painful and round or else elongated, located in the bones and affecting skin; blood; muscles and fat; with the gradual production of excessively severe inflammatory swelling due to vitiated dosha. Generally, the condition advances to an open ulcer.",128477000,Abscess,UMLS_API,Matched,C0000833,Abscess,0.9832,251
ITA-5.53.1,Pre-ulcerative inflammation,Pre-ulcerative inflammation,vraṇaśophaḥ,व्रणशोफः,A condition characterized by widespread or nodular (localized) inflammation; regular or irregular; due to accumulation of vitiated dosha in the skin and muscles which may manifest in any part of the body. May develop independently leading to ulcer formation at a later stage or be preceded by vidradhi (abscess).,257552002,Inflammation,UMLS_API,Matched,C0021368,Inflammation,0.9585,252
ITA-5.54.1,Ulcer,Ulcer,vraṇaḥ,व्रणः,An ulcer is an open sore on an external or internal surface of the body; caused by a break in the skin or mucous membrane which fails to heal; ranging from small; painful sores in the mouth to bedsores and serious lesions of the stomach or intestine.,13200003,Peptic ulcer,UMLS_API,Matched,C0041582,Ulcer,0.9659,253
ITA-5.55.1,Fracture,Fracture,bhagnaḥ,भ्नः,A condition characterized by marked swelling; inability to bear movement or rotation and touch; crepitus on squeezing; looseness of parts; appearance of various types of pain; no relief of pain in any posture,72704001,Fracture,UMLS_API,Matched,C0016658,Fracture,0.9908,256
ITA-5.56.1,Deep ulcer with fisula formation,Deep ulcer with fisula formation,nāḍīvraṇaḥ,िा्ीव्रणः,"A wound characterized by an excessive flow of pus; appearance of pus via a tubular pathway in vrana; discharge appearing from a tube. When a suppurated abscess goes untreated, pus accumulates in the affected area and enters skin, with muscle and blood tissues forming a tract owing to vitiated tridosha or each dosha separately.",11798007,Anabolism,UMLS_API,Matched,C0220781,Anabolism,0.9777,257
ITA-5.57.1,Sexually transmitted penile inflammation,Sexually transmitted penile inflammation,upadaṃśaḥ,उपदशं ः,"A disorder characterized by painful or burning micturition, discharge of pus in urine, also associated with urethral swelling e.g. gonorrhoea.",44882003,Balanitis,UMLS_API,Matched,C0004690,Balanitis,0.9651,259
ITA-5.59.1,Multiple dermatological diseases,Multiple dermatological diseases,kuṣṭhaḥ,्कुष्ः,,95320005,Disorder of skin,UMLS_API,Matched,C0037274,Dermatologic disorders,0.842,263
ITA-5.60.1,"Dermatological condition with very fast spreading skin lesions, erysipelas",erysipelas,visarpaḥ,वर्सपवाः,A disorder characterized by swelling spreading all over the body; swelling spreading suddenly; swelling covering wide area; swelling not very raised.,44653001,Erysipelas,UMLS_API,Matched,C0014733,Erysipelas,0.9884,267
ITA-5.61.1,Skin disorder with pustules covered with thin membrane,Skin disorder with pustules covered with thin membrane,visphoṭakaḥ,वर्सफोट्कः,A disorder characterized by lesions resembling burnt scars; blisters; associated with fever.,47002008,Pustule,UMLS_API,Matched,C0241157,pustule,0.9879,272
ITA-5.62.1,Group of disorders in which dosha pathogenesis has a single definitive diagnostic outcome,Group of disorders in which dosha pathogenesis has a single definitive diagnostic outcome,kṣudrarogaḥ,क्षुद्रिोगः,"Miscellaneous group of morbid conditions ranging from very fatal conditions such as agnirōhiṇī and valmīka to conditions occurring in children such as ajagallikā and ahipūtanā These conditions have a specific, consolidated description of presenting signs and symptoms and minimum details in respect of etiology, subtypes, etc., compared with major disorders such as jvara, prameha and kuṣṭa.",261586004,Groups,UMLS_API,Matched,C0441833,Groups,0.997,275
ITA-5.63.10,Traumatic lip,Traumatic lip,abhighātaja- oṣṭhaprakopaḥ/ kṣataja- oṣṭhaprakopaḥ,अवभघातज-ओष्प्र्कोपः/ क्षतज-ओष्प्र्कोपः,A disorder characterized by its traumatic nature; cracking of lips; fissuring of lips; nodular swelling of lips; itching associated with lips.,762608003,Traumatic amputation of lip,UMLS_API,Matched,C0332663,Traumatic,0.8309,282
ITA-5.63.11,Spongy gums,Spongy gums,śītādaḥ,शीतादः,A disorder characterized by some or all the following signs and symptoms: sudden bleeding from gums; bleeding without any cause; bad odour of gums; blackishness of gums; soddening of gums; softening of gums; decaying of gums; suppuration of gums; blackish gums.,,,,Unmatched,,,0.0,282
ITA-5.63.12,Periodontitis,Periodontitis,dantapuppuṭaḥ,दनतपुपपुटः,A disorder characterized by some or all the following signs and symptoms: a large swelling around two or three teeth; pain in two or three teeth; large hard swelling around two or three teeth; severe pain; rapid ripening into gingivitis.,41565005,Periodontitis,UMLS_API,Matched,C0031099,Periodontitis,0.9846,282
ITA-5.63.13,Pyorrhoea,Pyorrhoea,dantaveṣṭakaḥ,दनतर्ेष््कः,A disorder characterized by bleeding/haemorrhage; pus discharge; tooth loose in socket.,271668009,Pyorrhea,UMLS_API,Matched,C0553735,Pyorrhea,0.9844,282
ITA-5.63.14,Dental apical or root abscess,Dental apical or root abscess,śauṣiraḥ,शौवषिः,A disorder characterized by some or all the following signs and symptoms: swelling of a tooth root; painful teeth; excessive salivation; itching sensation.,C0856289,root abscess,scispaCy_UMLS,Matched,C0856289,root abscess,0.9886,282
ITA-5.63.15,Palatal abscess,Palatal abscess,mahāśauṣiraḥ,मिाशौवषिः,A disorder characterized by some or all the following signs and symptoms: loosening of teeth; fissuring of gums; fissuring of palate; affecting the mouth; affecting the gums; fever; pus discharge; haemorrhage; damaged tooth socket as in cancrum oris.,9747004,Drainage of abscess of palate,UMLS_API,Matched,C0747151,Abscess of palate,0.8096,283
ITA-5.63.16,Bleeding gums,Bleeding gums,paridaraḥ,परिदिः,A disorder characterized by decaying of the gums; spitting blood.,86276007,Bleeding gums,UMLS_API,Matched,C0017565,Gingival Hemorrhage,0.9589,283
ITA-5.63.17,Suppurative gingivitis,Suppurative gingivitis,upakuśaḥ,उप्कुशः,A disorder characterized by some or all the following signs and symptoms: a burning sensation in gums; suppuration of gums; loosening of teeth; discharge of blood on forceful touching; dull aching pain; swelling in gums with blood oozing; foul smell in mouth; reddish/inflamed gums; itching in gums; bleeding from gums; swollen gums after bleeding.,C0865441,(non-specific) suppurative meningitis,scispaCy_UMLS,Matched,C0865441,(non-specific) suppurative meningitis,0.7413,283
ITA-5.63.18,Traumatic periodontitis,Traumatic periodontitis,dantavaidarbhaḥ,दनतर्ैदभवाः,A disorder characterized by swelling of gums; tooth loose in socket.,41565005,Periodontitis,UMLS_API,Matched,C0031099,Periodontitis,0.7569,283
ITA-5.63.19,Supernumerary teeth,Supernumerary teeth,vardhanaḥ/ khaliḥ,र्धवािः/खवलः,A disorder characterized by severe pain; pain subsiding on tooth eruption; excessive growth/additional tooth; severe pain during tooth eruption.,8666004,Supernumerary teeth,UMLS_API,Matched,C0040457,"Tooth, Supernumerary",0.9721,283
ITA-5.63.20,Impacted tooth; wisdom tooth.,Impacted tooth,adhimāṃsaḥ,अवधमांसः,A disorder characterized by some or all the following signs and symptoms: a large hard swelling in jaw behind last molar; severe pain in jaw behind last molar; salivation; pain in lower jaw or chin; otalgia; obstructed swallowing/obstruction to passage of food.,235104008,Impacted tooth,UMLS_API,Matched,C0040456,Impacted tooth,0.9813,283
ITA-5.63.21,"Improper eruption of teeth, irregular teeth",irregular teeth,karālaḥ,्किालः,A disorder characterized by improperly erupted teeth; eruption of teeth with disagreeable appearance.,1078222000,Irregular spacing of teeth,UMLS_API,Matched,C0205271,Irregular,0.98,283
ITA-5.63.22,"Disease of tooth root, alveolar sinus",alveolar sinus,dantanāḍī,दनतिा्ी,A disorder characterized by some or all the following signs and symptoms: the formation of small channels/cavities; recurrent purulent discharge; disruption of skin; eruption in soft tissue; eruption through bone.,C1440080,Alveolar,scispaCy_UMLS,Matched,C1440080,Alveolar,0.7655,283
ITA-5.63.27,"Cracked tooth with severe pain, odontalgia",odontalgia,dālanaḥ,दालिः,A disorder characterized by some or all the following signs and symptoms: badly broken teeth; severe pain; tolerant of heat; pain worsening with cold substances; breaking pain; splitting type of toothache.,27355003,Toothache,UMLS_API,Matched,C0040460,Toothache,0.9693,284
ITA-5.63.28,Dental caries,Dental caries,kṛmidantakaḥ,्कृवमदनत्कः,A disorder characterized by some or all the following signs and symptoms: black cavities; loose tooth in socket; discharge from around tooth; dental inflammation; severe pain in teeth; pain appearing without cause; porous tooth filled with food debris; formation of small maggots; severe pain subsiding without treatment; blackish teeth; pus discharge from cut; bleeding from cut.,80967001,Dental caries,UMLS_API,Matched,C0011334,Dental caries,0.9832,284
ITA-5.63.29,Hyperaesthesia of teeth,Hyperaesthesia of teeth,dantaharṣaḥ,दनतिषवाः,A disorder characterized by some or all the following signs and symptoms: inability to tolerate cold substances on teeth; inability to tolerate hot substances on teeth; inability to tolerate touching/tenderness; inability to tolerate wind blowing on teeth; inability to tolerate sour food on teeth; inability to chew cold food with teeth; sour food causing pain; sour food causing teeth to move; inability to tolerate dry substances on teeth.,14151009,Hyperesthesia,UMLS_API,Matched,C0020453,Hyperesthesia,0.9749,285
ITA-5.63.30,Tartar,Tartar,dantaśarkarā,दनतश्कवािा,A disorder characterized by some or all the following signs and symptoms: putrid smell; foreign matter stuck between teeth; causing afflictions of teeth; dryness of foreign matter; teeth acquiring the roughness of sand; debris in teeth.,17552000,Dental calculus,UMLS_API,Matched,C0011330,Dental Calculus,0.9925,285
ITA-5.63.31,Deterioration of tooth enamel,Deterioration of tooth enamel,kapālikā,्कपावल्का,A disorder characterized by some or all the following signs and symptoms: damage to tooth enamel by small particles; destruction of teeth; tartar disintegrating with tooth fragments; scaling if ignored gradually disrupting tooth enamel.,76993005,Enamel structure,UMLS_API,Matched,C0011350,Dental Enamel,0.9896,285
ITA-5.63.32,"Discoloured, bluishblack tooth","Discoloured, bluishblack tooth",śyāvadantakaḥ,शयार्दनत्कः,A disorder characterized by some or all the following signs and symptoms: a tooth becoming permanently damaged; bluishness of teeth; blackishness of teeth.,30265004,Dental fluorosis,UMLS_API,Matched,C0332572,Abnormal color,0.9749,285
ITA-5.63.33,Alveolar abscess,Alveolar abscess,dantavidradhiḥ,दनतवर्द्रवधः,A disorder characterized by some or all the following signs and symptoms: oedema of gums; large swelling outside the gum; large swelling inside the gum; painful gums; burning gums; discharge of pus on bursting of lesion; discharge of blood on bursting of lesion.,83412009,Periodontal abscess,UMLS_API,Matched,C0031024,Suppurative Periapical Periodontitis,0.9792,285
ITA-5.63.34,Sublingual cyst; abscess,Sublingual cyst,alāsaḥ,अलासः,A disorder characterized by some or all the following signs and symptoms: a firm swelling at the base of the tongue; fixing of the tongue; severe suppuration/inflammation at root of tongue; smell resembling a fish; erosion of soft tissue.,14919007,Ranula,UMLS_API,Matched,C0010709,Cyst,0.9921,285
ITA-5.63.35,Ranula or cystic swelling of tongue,Ranula or cystic swelling of tongue,upajihvikā,उपवजवहर््का,A disorder characterized by some or all the following signs and symptoms: a swelling on the upper surface of the tongue; burning sensation; inflammation/suppuration; redness/ congestion; swelling at tip of tongue; elevation of tongue; causing excessive salivation; associated with itching; burning sensation; suddenly generating oedema at base of tongue.,21974007,Tongue structure,UMLS_API,Matched,C0040408,Tongue,0.9851,286
ITA-5.63.36,Swelling at base of tongue,Swelling at base of tongue,adhijihvā,अवधवजहर्ा,A disorder characterized by some or all the following signs and symptoms: a swelling developing under the root of the tongue; burning sensation; redness/congestion; inflammation/ suppuration; oedema at frenula of tongue; swelling resembling tongue tip developing under tongue root; studded with sprouts; excessive salivation; burning sensation in tongue; loss of movement; rough on touch; pain in tongue; itching; obstruction to speech; obstruction to swallowing.,21974007,Tongue structure,UMLS_API,Matched,C0040408,Tongue,0.9851,286
ITA-5.63.38,Uvulitis or elongated uvula,Uvulitis or elongated uvula,galaśuṇḍikā (kaṇṭhaśuṇḍī),गलशुवण््का (्कणिशुण्ी),A disorder characterized by some or all the following signs and symptoms: rapid onset of a swelling in kākala; large swelling about the size of distended bladder; elongated swelling about the size of distended bladder; large oedema at the base of soft palate; elongated oedema at the base of soft palate; thirst; cough; breathlessness/difficulty in breathing; fish- or bladder-shaped oedema at the base of soft palate; soft oedema; elongated swelling; slimy swelling; expulsion of ingested food through nose; choking sensation of throat/ obstruction of throat; vomiting.,26140008,Uvula palatina structure,UMLS_API,Matched,C0042173,Uvula of palate,0.9459,286
ITA-5.63.39,Obstructive Disorders of the throat,Obstructive Disorders of the throat,galagrahaḥ,गलग्रिः,A disorder characterized by suddenly generating a stable oedema in the pharyngeal region such as pharyngitis.,54066008,Pharyngeal structure,UMLS_API,Matched,C0031354,Pharyngeal structure,0.9923,286
ITA-5.63.40,Tonsillitis,Tonsillitis,tuṇḍikerī;,तुवण््केिी,A disorder characterized by some or all the following signs and symptoms: a large swelling; large swelling; pricking pain; burning sensation; severe inflammation; pharyngeal swelling resembling kārpāsa fruit; slimy swelling; swelling with dull aching pain; hard swelling; associated with temporomandibular joint.,90176007,Tonsillitis,UMLS_API,Matched,C0040425,Tonsillitis,0.9904,287
ITA-5.63.41,Acute inflammation of soft palate,Acute inflammation of soft palate,adhruṣaḥ,अध्रुषः,A disorder characterized by some or all the following signs and symptoms: a stable swelling in the palate region; reddish swelling in palate region; fever; severe pain; soft red swelling; reddish swelling.,49460000,Soft palate structure,UMLS_API,Matched,C0030219,"Palate, Soft",0.9707,287
ITA-5.63.42,"Hard palatal protrusion, torus palatinus",Hard palatal protrusion,kacchapaḥ (kacchapī),्क्छिपः (्क्छिपी),A disorder characterized by some or all the following signs and symptoms: a swelling resembling a tortoise back or tortoise-shaped swelling; slowly growing swelling; painless; slowly developing.,72914001,Palatal structure,UMLS_API,Matched,C0700374,Palate,0.9801,287
ITA-5.63.43,Tumour of palate,Tumour of palate,tālu-arbudaḥ,तालु-अबुवादः,A disorder characterized by a lotus-shaped swelling in the centre of the palate.,363390005,Malignant neoplasm of palate,UMLS_API,Matched,C0027651,Neoplasms,0.9993,287
ITA-5.63.44,Fibroma of palate,Fibroma of palate,māṃsasaṅghātaḥ/ tālusaṃhatiḥ,मांससङघातः/तालुसंिवतः,A disorder characterized by some or all the following signs and symptoms: a painless swelling in the middle of the palate; thick and soft swelling in palate; inflamed soft tissue swelling in palate.,424568000,Fibroma,UMLS_API,Matched,C0016045,fibroma,0.9899,287
ITA-5.63.45,Cystic swelling of palate,Cystic swelling of palate,tālupuppuṭaḥ,तालुपुपपुटः,A disorder characterized by a painless swelling in the middle of the palate; painless swelling in palate; stable/benign swelling in palate.,267038008,Edema,UMLS_API,Matched,C0013604,Edema,0.7214,287
ITA-5.63.46,Atrophy of palate,Atrophy of palate,tāluśoṣaḥ,तालुशोषः,A disorder characterized by excessive dryness of the palate; fever; exertion; fissuring of palate; respiratory distress.,13331008,Atrophy,UMLS_API,Matched,C0333641,Atrophic,0.9923,287
ITA-5.63.47,Palatal inflammation,Palatal inflammation,tālupākaḥ/ tāluśothaḥ,तालुपा्कः/तालुशोरः,A disorder characterized by excessive suppuration/ inflammation of the palate; pus discharge; severe pain.,C0240623,PALATAL INFLAMMATION,scispaCy_UMLS,Matched,C0240623,PALATAL INFLAMMATION,0.9655,287
ITA-5.63.48,Palatal boil,Palatal boil,tālupiḍakā,तालुवप््का,A disorder characterized by painful soft tissue in the palate; eruption in palatal soft tissue; rough eruptions; multiple eruptions; eruptions with thick exudation.,72914001,Palatal structure,UMLS_API,Matched,C0700374,Palate,0.7818,288
ITA-5.63.49,Palatal abscess,Palatal abscess,tāluvidradhiḥ,तालुवर्द्रवधः,A disorder characterized by a burning sensation in the palate; redness/congestion of palate; inflammation/ suppuration of palate.,9747004,Drainage of abscess of palate,UMLS_API,Matched,C0747151,Abscess of palate,0.8096,288
ITA-5.63.51,Diphtheria,Diphtheria,rohiṇī,िोविणी,A disorder characterized by some or all the following signs and symptoms: a burning sensation at the base of tongue; large swelling at base of tongue; variable types of pains at base of tongue; life expectancy of three days; obstructing the throat; soft tissue growth obstructing the throat; sprouting muscles at root of tongue in the throat; severe; developing and growing fast; killing the patient quickly.,412175006,Diphtheria antitoxin,UMLS_API,Matched,C0012546,Diphtheria,0.9789,288
ITA-5.63.58,Adenoids,Adenoids,kaṇṭhaśālūkaḥ,्कणिशालू्कः,A disorder characterized by some or all the following signs and symptoms: a nodular swelling of kola size; sensation in throat resembling thorn pricks; throat filled with barley awn; rough and fixed nodular swelling; stable/immobile swelling; excisable swelling/swelling can be treated by surgery only; kola-shaped swelling; raised swelling.,119954001,Adenoid excision,UMLS_API,Matched,C0001428,Adenoidal structure,0.9862,289
ITA-5.63.59,"Hypopharyngeal growth, PlummerVinson syndrome",Hypopharyngeal growth,valayaḥ,र्लयः,A disorder characterized by some or all the following signs and symptoms: an elongated prominent swelling; raised swelling; obstruction of food; uncontrolled intensity; mild pain; ring-shaped swelling.,81502006,Hypopharyngeal structure,UMLS_API,Matched,C0020629,hypopharynx,0.8186,289
ITA-5.63.60,Inflammatory swelling of throat,Inflammatory swelling of throat,balāsaḥ,बलासः,A disorder characterized by some or all the following signs and symptoms: a large swelling in the throat; pain in throat; breathlessness/difficulty in breathing; affecting/damaging vital parts or marmasthāna.,54066008,Pharyngeal structure,UMLS_API,Matched,C0031354,Pharyngeal structure,0.9923,289
ITA-5.63.61,Cystic growth in throat,Cystic growth in throat,ekavṛndaḥ,ए्कर्ृनदः,A disorder characterized by some or all the following signs and symptoms: a rounded swelling; raised swelling; burning sensation; itching and swelling inside the throat; nonsuppurating; soft swelling in throat; heavy swelling in throat.,54066008,Pharyngeal structure,UMLS_API,Matched,C0031354,Pharyngeal structure,0.9923,289
ITA-5.63.62,Pharyngeal abscess,Pharyngeal abscess,vṛndaḥ,र्ृनदः,A disorder characterized by some or all the following signs and symptoms: a prominent round swelling; severe burning; on the lateral side of throat; hyperpyrexia; pricking pain.,84889008,Parapharyngeal abscess,UMLS_API,Matched,C0264292,Abscess of pharynx,0.9768,289
ITA-5.63.63,Retro-pharyngeal abscess,Retro-pharyngeal abscess,śataghnī,शतघ्नी,A disorder characterized by some or all the following signs and symptoms: a solid swelling ) obstructing the throat; associated with multiple fleshy buds; various types of pain; raised; numerous overlying muscular growths; muscular growths resembling varti; severe thirst; hyperpyrexia; severe heaadache; pain resembling śataghni.,18099001,Retropharyngeal abscess,UMLS_API,Matched,C0155843,Retropharyngeal Abscess,0.8823,290
ITA-5.63.64,Swelling in throat (chronic tonsillitis),chronic tonsillitis,gilāyuḥ,वगलायुः,A disorder characterized by some or all the following signs and symptoms: amalaka-sized swellings in the throat; fixed swellings; swellings with mild pain; single muscular projection in throat; numerous muscular projections in throat; difficulty in breathing; difficulty in swallowing; broad-based; severely painful swelling.,90979004,Chronic tonsillitis,UMLS_API,Matched,C0149517,Chronic tonsillitis,0.9906,290
ITA-5.63.65,Throat abscess,Throat abscess,galavidradhiḥ,गलवर्द्रवधः,A disorder characterized by some or all the following signs and symptoms: a swelling covering a whole part of throat; all kinds of pain; symptoms similar to tridośaja vidradhi; rapid onset and suppuration; putrid-looking discharge; discharge resembling pus.,128477000,Abscess,UMLS_API,Matched,C0000833,Abscess,0.7215,290
ITA-5.63.66,Acute inflammation of hypopharyngeal region,Acute inflammation of hypopharyngeal region,galaughaḥ,गलौघः,A disorder characterized by some or all the following signs and symptoms: severe obstruction of food and water; severe swelling; hook-like swelling outside throat; hook-like swelling inside throat; heaviness of head; drowsiness/lassitude; salivation; hyperpyrexia; restricted movement of vāta.,4532008,Acute inflammation,UMLS_API,Matched,C0333361,Acute inflammation,0.967,290
ITA-5.63.67,Paralysis of vocal cords,Paralysis of vocal cords,svaraghnam,सर्िघ्नम्,A disorder characterized by some or all the following signs and symptoms: a feeling of entering into darkness constant respiratory distress; hoarseness of voice; dryness of throat; uncontrolled throat; obstructed/suffocated voice.,302912005,Vocal cord paralysis,UMLS_API,Matched,C0522224,Paralysed,0.9862,290
ITA-5.63.68,Malignant tumour of throat,Malignant tumour of throat,māṃsatānaḥ,मांसतािः (अबुवादः),A disorder characterized by some or all the following signs and symptoms: a painful spreading swelling; severe form of swelling; hanging tumour leading to death; obstruction of throat.,255073006,"Malignant neoplasm of ear, nose, and/or throat",UMLS_API,Matched,C0031354,Pharyngeal structure,0.9923,290
ITA-5.63.69,Neoplasm of pharynx,Neoplasm of pharynx,vidārī,वर्दािी,A disorder characterized by some or all the following signs and symptoms: burning sensation inside the throat; needling pain; swelling; inflammation with putrified flesh; putrefied swelling inside the throat; person sleeping mostly on one side; copper-coloured swelling.,363507003,Malignant neoplasm of pharynx,UMLS_API,Matched,C0027651,Neoplasms,0.9918,291
ITA-5.63.70,Global oral cavity disorder,Global oral cavity disorder,sarvasaramukharogaḥ,सर्वासिमुखिोगः,,118938008,Disease of mouth,UMLS_API,Matched,C0026636,Mouth Diseases,0.8454,291
ITA-5.64.2,Ear pain; otalgia,Ear pain,karṇaśūlaḥ,्कणवाशूलः,,301354004,Pain of ear,UMLS_API,Matched,C0013456,Earache,0.9794,291
ITA-5.64.3,"Abnormal perception of sounds, tinnitus due to mechanical reasons","Abnormal perception of sounds, tinnitus due to mechanical reasons",karṇa-nādaḥ,्कणवा-िादः,"A disorder characterized by hearing various kinds of sound in the ear, e.g. bugle, drum or mṛdaṅga, conch.",C0037709,Sound - physical agent,scispaCy_UMLS,Matched,C0037709,Sound - physical agent,0.9895,291
ITA-5.64.4,Deafness,Deafness,bādhiryam,बावधयवाम्,A disorder characterized by deafness/hearing impairment.,49526009,Presbycusis,UMLS_API,Matched,C0011053,Deafness,0.9637,291
ITA-5.64.5,"Abnormal perception of sounds, tinnitus due to excess excertion, depletion of structural components.","Abnormal perception of sounds, tinnitus due to excess excertion, depletion of structural components.",karṇa-kṣveḍaḥ,्कणवा-क्र्े्ः,A disorder characterized by hearing whistling or high-pitched sounds; hearing a flute-like sound.,C0037709,Sound - physical agent,scispaCy_UMLS,Matched,C0037709,Sound - physical agent,0.9895,291
ITA-5.64.6,Otorrhoea,Otorrhoea,karṇa-srāvaḥ,्कणवा-स्ार्ः,A disorder characterized by pus discharge from the ears.,65668001,Otorrhea,UMLS_API,Matched,C0155540,Ear discharge,0.986,291
ITA-5.64.7,Auricular pruritis,Auricular pruritis,karṇa-kaṇḍūḥ,्कणवा-्कण्ूः,A disorder characterized by severe itching sensation in the ear canal,10547007,Otic route,UMLS_API,Matched,C1522191,Auricular Route of Drug Administration,0.7598,291
ITA-5.64.8,Impacted wax,Impacted wax,karṇa-gūthakaḥ,्कणवा-गूर्कः,A disorder characterized by the presence of dried śleṣma in the ear.,18070006,Impacted cerumen,UMLS_API,Matched,C0021092,Impacted cerumen,0.9621,292
ITA-5.64.9,Tympanic perforation,Tympanic perforation,karṇa-pratināhaḥ,्कणवा-प्रवतिािः,A disorder characterized by some or all the following signs and symptoms: liquified wax emerging through the nose; hemicranial pain; earache; heaviness in ear; feeling of obstruction in ear; coating of liquified earwax inside ear; causing varying kinds of head disease.,60442001,Perforation of tympanic membrane,UMLS_API,Matched,C0206504,Tympanic Membrane Perforation,0.8106,292
ITA-5.64.10,Maggots in ear,Maggots in ear,kṛmikarṇakaḥ,्कृवम्कणवा्कः,A disorder characterized by some or all the following signs and symptoms: worm infestation; burning sensation in head; exudation of worms from ears; severe pain.,117590005,Ear structure,UMLS_API,Matched,C0013443,Ear structure,0.99,292
ITA-5.64.11,Ear abscess,Ear abscess,karṇa-vidradhiḥ,्कणवा-वर्द्रवधः,,232212002,Abscess of external ear,UMLS_API,Matched,C0000833,Abscess,0.8226,292
ITA-5.64.12,Otitis externa,Otitis externa,karṇa-pākaḥ,्कणवा-पा्कः,A disorder characterized by putrefaction inside ear/ suppuration; manifestation of moistness inside ear.,3135009,Otitis externa,UMLS_API,Matched,C0029878,Otitis Externa,0.9877,292
ITA-5.64.13,Suppurative otitis media,Suppurative otitis media,pūtikarṇaḥ,पूवत्कणवाः,A disorder characterized by some or all the following signs and symptoms: putrid/offensive discharge; without or with pain; purulent discharge from ear without pain; purulent discharge from ear with pain; thick purulent discharge from ear; excessive moistness/soddening.,39288006,Purulent otitis media,UMLS_API,Matched,C3203360,Suppuration,0.9577,292
ITA-5.64.14,Oedema of ear,Oedema of ear,karṇa-śophaḥ/ karṇaśothaḥ,्कणवा-शोफः/्कणवाशोरः,A disorder characterized by some or all the following signs and symptoms: abnormal hearing; itching; fixed swelling; whitish discharge; unctuous discharge; mild pain; heaviness of head; heaviness in neck region; heaviness over mandibular region; mild pain; itching inside ear; swelling around ear; preference for hot things; discharge of thick white fluid as in perichondritis if suppuration occurs.,277170006,Edema of ear canal,UMLS_API,Matched,C0013443,Ear structure,0.99,292
ITA-5.64.15,Tumours of ear,Tumours of ear,karṇa-arbudaḥ,्कणवा-अबुवादः,,363359008,Malignant neoplasm of middle ear,UMLS_API,Matched,C0027651,Neoplasms,0.7629,292
ITA-5.64.16,Auricular polyp,Auricular polyp,karṇa-arśaḥ,्कणवा-अशवाः,,10547007,Otic route,UMLS_API,Matched,C1522191,Auricular Route of Drug Administration,0.7941,293
ITA-5.64.22,Traumatic ear lobule injury,Traumatic ear lobule injury,paripoṭakaḥ,परिपोट्कः,A disorder characterized by some or all the following signs and symptoms: cracking of the skin over the swollen ear lobe; blackish swelling in ear lobe; slightly reddish swelling in ear lobe; rigid swelling in ear lobe; painful swelling in ear lobe; eg traumatic lobule injury commonly seen in older children.,C0043251,Wounds and Injuries,scispaCy_UMLS,Matched,C0043251,Wounds and Injuries,0.7612,294
ITA-5.64.23,Inflammation of ear lobule,Inflammation of ear lobule,utpātaḥ,उतपातः,A disorder characterized by some or all the following signs and symptoms: inflammation; burning sensation; inflammation/suppuration; painful; swelling over ear lobe; vesicular eruptions on ear lobe; papules/eruptions on karṇapāli; redness of ear lobe; burning sensation in ear lobe; sodden appearance of ear lobe; bluish-black swelling over ear lobe; pain in ear lobe; burning sensation in ear lobe; suppuration of ear lobe.,48800003,Ear lobule structure,UMLS_API,Matched,C0229315,Ear lobe,0.9912,294
ITA-5.64.24,Painless oedema of ear lobule,Painless oedema of ear lobule,unmathakaḥ,उनमर्कः,A disorder characterized by some or all the following signs and symptoms: its association with itching; rigid swelling; painless swelling.,48800003,Ear lobule structure,UMLS_API,Matched,C0229315,Ear lobe,0.9912,294
ITA-5.64.25,Traumatic lobulitis due to improper ear piercing,Traumatic lobulitis due to improper ear piercing,duḥkhavardhanaḥ,दःु खर्धवािः,A disorder characterized by some or all the following signs and symptoms: a swelling of the ear lobe with itching; swelling of ear lobe with burning sensation; swelling of ear lobe associated with pain; swelling of ear lobe with suppurating tendency.,200849007,Piercing of external ear,UMLS_API,Matched,C0198023,Piercing of external ear,0.9746,294
ITA-5.64.26,"Pustules on ear lobe, epidermoid cyst",epidermoid cyst,parilehī,परिलेिी,A disorder characterized by some or all the following signs and symptoms: mustard seed-like eruptions on ear lobe; eruptions associated with itching; manifestation of worms/ organisms in ear lobe; destruction of ear lobe tissue by organisms/worms; mustard seed-like eruptions in ear lobe with burning sensation; mustard seed-like eruptions in ear lobe associated with pain.,419893006,Epidermoid cyst,UMLS_API,Matched,C0014511,Epithelial cyst,0.986,294
ITA-5.65.2,Chronic rhinitis (allergic),allergic,apīnasaḥ,अपीिसः,A disorder characterized by some or all the following signs and symptoms: obstruction of the nasal passage; smoky sensation in nose; sliminess in nose; dryness of nose; inability to recognise smell; inability to identify taste; infection with organisms; respiration with ghurghur sound; producing more distress than pīnasa roga; discharge from nose resembling a sheep; continuous discharge; slimy discharge; yellowish discharge; discharge of suppurated nasal excreta; discharge of thick nasal discharge.,367498001,Seasonal allergic rhinitis,UMLS_API,Matched,C0700624,Allergic,0.9895,295
ITA-5.65.3,"Foul smell in nose and mouth, atrophic rhinitis.",atrophic rhinitis.,pūtīnāsā,पूतीिासा,A disorder characterized by a putrid odour emitted by the mouth; foul-smelling air from nose or ozaena.,69646003,Ozena,UMLS_API,Matched,C0035459,"Rhinitis, Atrophic",0.9868,295
ITA-5.65.4,Suppurative vestibulitis,Suppurative vestibulitis,ghrāṇapākaḥ/ nāsāpākaḥ,घ्ाणपा्कः/िासापा्कः,A disorder characterized by some or all the following signs and symptoms: ulceration of the nose with marked suppuration; wheal-like skin eruptions; excessive moistness of nose; burning sensation; associated with pain; suppuration of nasal soft tissue.,18229003,Suppurative colitis,UMLS_API,Matched,C0267449,Suppurative colitis,0.7262,295
ITA-5.65.5,Purulent and sanguineous rhinitis,Purulent and sanguineous rhinitis,pūyaraktam/ pūya-śoṇitam,पूयि्तम्/पूय-शोवणतम्,A disorder characterized by discharge of blood-tinged pus from the nose; burning sensation in head; headache such as chronic maxillary sinusitis.,255316004,Purulent,UMLS_API,Matched,C0439665,Purulent,0.9691,295
ITA-5.65.6,Sneezing,Sneezing,kṣavathuḥ,क्षर्रुः,A disorder characterized by kapha repeatedly and noisily being expelled from the nose; vayu and kapha being forcefully and noisily expelled from nose.,76067001,Sneezing,UMLS_API,Matched,C0037383,Sneezing,0.9582,295
ITA-5.65.7,Sneezing due to exogenous factors,Sneezing due to exogenous factors,āgantukṣavathuḥ,आगनतुक्षर्रुः,,76067001,Sneezing,UMLS_API,Matched,C0037383,Sneezing,0.9582,295
ITA-5.65.8,Thick saltish nasal discharge,Thick saltish nasal discharge,bhraṃśathuḥ,भ्ंशरुः,A disorder characterized by excessive secretion of viscid dense mucus; excessive undigested sour secretion; excessive salty mucus discharge.,246703001,Thick,UMLS_API,Matched,C1280412,Thick,0.989,296
ITA-5.65.9,"Burning sensation in nose, acute catarrhal rhinitis",acute catarrhal rhinitis,dīptaḥ,दी्तः,A disorder characterized by some or all the following signs and symptoms: a severe burning sensation in the nose; air expired from the nose feeling like smoke; sensation as if entire nose is on fire; external part of nose feeling burnt; internal part of nose feeling burnt; tenderness/inability to tolerate touch.,82272006,Common cold,UMLS_API,Matched,C0009443,Common Cold,0.7595,296
ITA-5.65.10,Nasal obstruction,Nasal obstruction,pratīnāhaḥ,प्रतीिािः,A disorder characterized by obstruction of the nasal passage; obstructed breathing; obstructed feeling in nasal cavity; obstructed inspiration and expiration.,232209000,Nasal obstruction,UMLS_API,Matched,C0027429,Nasal obstruction present finding,0.9702,296
ITA-5.65.11,Nasal discharge,Nasal discharge,ghrāṇasrāvaḥ/ nāsāsrāvaḥ,घ्ाणस्ार्ः/िासास्ार्ः,A disorder characterized by some or all the following signs and symptoms: constant colourless watery discharge from the nose; more marked at night; clear mucus discharge; watery discharge; continuous nasal discharge; colourless discharge; thick/dense discharge; yellowish discharge; whitish discharge; thin watery discharge.,64531003,Nasal discharge,UMLS_API,Matched,C1260880,Rhinorrhea,0.9833,296
ITA-5.65.12,Excessive dryness of nasal mucosa,Excessive dryness of nasal mucosa,nāsāśoṣaḥ,िासाशोषः,A disorder characterized by excessive dryness of the nose; inspiration and expiration with difficulty; feeling as if nose obstructed with śuka.,34508005,Structure of mucous membrane of nose,UMLS_API,Matched,C0027428,Structure of mucous membrane of nose,0.9832,296
ITA-5.65.13,Rhinitis,Rhinitis,pratiśyāyaḥ/ pīnasaḥ,प्रवतशयायः/पीिसः,A disorder characterized by abdominal fullness due to constipation; headache; heaviness of body; stuffy nose; fever; cough; nausea with mucus; hoarseness of voice.,82272006,Common cold,UMLS_API,Matched,C0035455,Rhinitis,0.9883,296
ITA-5.65.18,Chronic and recurring rhinitis,Chronic and recurring rhinitis,duṣṭapratiśyāyaḥ,दष्ु प्रवतशयायः,A disorder characterized by some or all the following signs and symptoms: moistening of the nose; dryness of nose; intermittent nasal blockage; intermittent clearing of nose; bad breath; inability to perceive smell; afflicting all sensory organs; diminution of agni; fever; breathlessness/difficulty in breathing; cough; pain in chest region; pain in sides of chest/ flanks; intermittent relapses without apparent reason; halitosis; oedema; intermittent clearing and obstruction of nose; discharge of thickened mucus resembling pus; blackish or reddish-tinged thick mucus discharge; manifestation of long thread-like worms; manifestation of unctuous-looking worms; manifestation of whitish worms; manifestation of minute worms.,90734009,Chronic,UMLS_API,Matched,C0205191,chronic,0.9919,298
ITA-5.65.20,Nasal tumour,Nasal tumour,nāsārbudaḥ,िासाबुवादः,A disorder characterized by some or all the following signs and symptoms: a circular swelling over the muscles; fixed circular swelling; mild pain; large in size; broad-based; slow growing; nonsuppurating; obstructing the nasal pathway.,363422006,Malignant neoplasm of nasal cavity,UMLS_API,Matched,C0028433,Nose Neoplasms,0.9854,298
ITA-5.65.21,Nasal polyp,Nasal polyp,nāsārśaḥ,िासाशवाः,A disorder characterized by some or all the following signs and symptoms: cold catarrh; excessive sneezing; difficulty in breathing; pus discharge from nose; nasal twang in speech; headache.,736500007,Polyp of nasal cavity,UMLS_API,Matched,C0027430,Nasal Polyps,0.9606,298
ITA-5.66.2,Conjunctivitis,Conjunctivitis,abhiṣyandaḥ,अवभक्यनदः,,9826008,Conjunctivitis,UMLS_API,Matched,C0009763,Conjunctivitis,0.9724,299
ITA-5.66.7,Glaucoma,Glaucoma,adhimanthaḥ,अवधमनरः,A disorder characterized by some or all the following signs and symptoms: feeling as if the eye is being extracted; feeling as if eye is being churned; feeling as if half the head is being extracted; feeling as if half the head is being churned; severe pain in eyes; numerous large boils; burst in the middle; horripilation; pain.,23986001,Glaucoma,UMLS_API,Matched,C0017601,Glaucoma,0.9797,301
ITA-5.66.12,Panophthalmitis,Panophthalmitis,saśophapākaḥ,सशोफपा्कः,A disorder characterized by some or all the following signs and symptoms: itching of the eyes; rheum; associated with watering; eyes resembling ripe udumbara; burning sensation; gooseflesh-like feeling in eyes; coppery discoloration; oedema; pricking type of pain; heaviness; repeated discharge; frequent hot tear secretion; frequent cold tear secretion; swelling of eyes; inflammation/suppuration of eyes; severe pain; spitting/excessive expectoration; frequent clear tear secretion; frequent slimy tear secretion; frequent thin tear secretion; frequent thick tear secretion.,33382000,Panophthalmitis,UMLS_API,Matched,C0030332,Panophthalmitis,0.9853,302
ITA-5.66.13,Non-inflammatory atrophy of the globe,Non-inflammatory atrophy of the globe,aśophapākaḥ,अशोफपा्कः,A disorder characterized by having all the features of sasopha netrapaka except for swelling; less swelling.,81745001,Eye structure,UMLS_API,Matched,C0015392,Eye,0.9977,302
ITA-5.66.14,Atrophic bulbi following acute congestive glaucoma,Atrophic bulbi following acute congestive glaucoma,hatādhimanthaḥ,ितावधमनरः,A disorder characterized by severe pain; sudden shrinking of eyeball; different types of pain; injury to the visual faculty; loss of vision.,400190005,Atrophic condition of skin,UMLS_API,Matched,C0151514,Atrophic condition of skin,0.773,302
ITA-5.66.15,Ocular pain,Ocular pain,vātaparyāyaḥ,र्ातपयावायः,A disorder characterized by some or all the following signs and symptoms: pain sometimes affecting both eyelids; sometimes pain in eyes; sometimes pain in eyebrows; distortion of eyes or vision; depressed eyeball; repeated attacks in eyebrows and eyes; severe pain.,41652007,Pain in eye,UMLS_API,Matched,C0151827,Eye pain,0.9817,303
ITA-5.66.16,Xerophthalmia,Xerophthalmia,śuṣkākṣipākaḥ,शुक््कावक्षपा्कः,A disorder characterized by some or all the following signs and symptoms: closed eyelids; hard eyelids; closed hard dry eyelids; blurred vision; difficulties in opening eyes; rubbing friction; pricking pain; breaking type of pain; excessive discharge of rheum; difficulty in opening eyelids; difficulty in closing eyes; dryness of eyes; desire for cold; pain; inflammation/suppuration; burning eyelids.,363677007,Xerophthalmia,UMLS_API,Matched,C0043349,Xerophthalmia,0.9784,303
ITA-5.66.17,Referred pain in eye,Referred pain in eye,anyatovātaḥ,अनयतोर्ातः,A disorder characterized by some or all the following signs and symptoms: pain in the eyebrows; pain in eyes; severe pain; lack of sliminess; absence of redness; absence of swelling; absence of tears.,81745001,Eye structure,UMLS_API,Matched,C0015392,Eye,0.9995,303
ITA-5.66.18,Chemosis,Chemosis,amlādhyuṣitaḥ/ amloṣitaḥ,अमलारयुवषतः/अमलोवषतः,A disorder characterized by some or all the following signs and symptoms: oedema; redness of eyes; bluish discoloration of eyes; blackish discoloration of eyes; burning sensation of eyes; inflammation/suppuration; tear secretion; sudden onset of blurred vision.,8148005,Chemosis of conjunctiva,UMLS_API,Matched,C0271298,Chemosis of conjunctiva,0.9886,303
ITA-5.66.19,Episcleritis,Episcleritis,sirotpātaḥ/ śirotpātaḥ,वसिोतपातः/वशिोतपातः,A disorder characterized by some or all the following signs and symptoms: absence of pain; associated with pain; coppery-coloured lines; frequent discoloration; covered with red streaks; burning sensation with sweating and restlessness; pain; absence of swelling; absence of excessive tear secretion; absence of excessive secretion of rheum.,815008,Episcleritis,UMLS_API,Matched,C0014583,Episcleritis,0.9842,303
ITA-5.66.20,Hyperaemia of the eyeball,Hyperaemia of the eyeball,sirāpraharṣaḥ,वसिाप्रिषवाः,A disorder characterized by thick coppery-coloured tears; thick clear tears; difficulty in vision; increased vascularity in comparison with episcleritis.,30098003,Hyperemia,UMLS_API,Matched,C0020452,Hyperemia,0.978,303
ITA-5.66.21,Corneal ulcer,Corneal ulcer,savraṇaśukraḥ/ kṣataśuklaḥ,सव्रणशुरिः/क्षतशुकलः,A disorder characterized by some or all the following signs and symptoms: a depression ulcer of the cornea; feeling of being pierced by needle; profuse warm discharge; severe pain; pricking pain; tear secretion; reddish discoloration of eyes; resembling ripe jambū fruits; slightly depressed.,91514001,Corneal ulcer,UMLS_API,Matched,C0010043,Corneal Ulcer,0.9633,304
ITA-5.66.22,Irremediable corneal ulcer,Irremediable corneal ulcer,asādhya-savraṇaśukraḥ,असारय-सव्रणशुरिः,A disorder characterized by some or all the following signs and symptoms: perforation of the mid-eye; covered by granulation tissue; migrating from place to place; full of blood vessels; obstructing vision; two layers involved; reddish at the periphery; of long duration; discharge of hot tears; boils resembling green gram; lesions resembling tittiri bird feathers; severe pricking type of pain; blackishness resembling needle puncture.,91514001,Corneal ulcer,UMLS_API,Matched,C0010043,Corneal Ulcer,0.9633,304
ITA-5.66.23,Corneal opacity,Corneal opacity,avraṇaśukraḥ,अव्रणशुरिः,A disorder characterized by some or all the following signs and symptoms: a white spot appearing in the black spot of the eye caused by abhisyanda and not associated with excessive pain or lacrimation; associated with discharge; absence of severe pain; scanty watering of eyes; resembling a white cloud in the sky/thin cloud in the sky; sucking type of pain; resembling the moon; resembling indu; resembling a conch.,64634000,Corneal opacity,UMLS_API,Matched,C0010038,Corneal Opacity,0.9777,304
ITA-5.66.24,Reddish coloration of eye,Reddish coloration of eye,akṣipākaḥ,अवक्षपा्कः,,81745001,Eye structure,UMLS_API,Matched,C0015392,Eye,0.9995,304
ITA-5.66.25,Prolapsed iris or anterior staphyloma,Prolapsed iris or anterior staphyloma,ajakā,अज्का,A disorder characterized by some or all the following signs and symptoms: a mass resembling goat’s stool; painful mass in cornea; reddish tinge in cornea; reddish slimy secretion; bulging out of the cornea; coppery-coloured tears; slimy lacrimation.,231888000,Anterior staphyloma,UMLS_API,Matched,C0339206,Anterior staphyloma,0.9811,304
ITA-5.66.26,Disorder affecting first layer of eye,Disorder affecting first layer of eye,prathama- paṭalagatadoṣaḥ,प्ररम-पटलगतदोषः,A disorder characterized by blurring of vision; intermittent spontaneous clear vision.,64572001,Disease,UMLS_API,Matched,C0012634,Disease,0.9946,304
ITA-5.66.27,Disorder affecting second layer of eye,Disorder affecting second layer of eye,dvitīya-paṭalagatadoṣaḥ,ववितीय-पटलगतदोषः,A disorder characterized by some or all the following signs and symptoms: severe impaired vision; pseudovisulization of flies; pseudovisualization of mosquitoes; pseudovisualization of hairs; pseudovisualization of webs; pseudovisualization of circles; pseudovisualization of flags; pseudovisulization of mirages; pseudovisualization of earrings; seeing various celestial objects in motion; visulization of rain and cloud; seeing darkness; distant objects appearing nearer; near objects appearing farther away; inability to locate a needle’s eye even with great effort; visulazation of nonexistent things; seeing actual objects with difficulty and only by going close to them; inability to see distant or minute objects.,64572001,Disease,UMLS_API,Matched,C0012634,Disease,0.9946,305
ITA-5.66.28,Disorder affecting third layer of eye,Disorder affecting third layer of eye,tṛtīyapaṭalagata-doṣaḥ,तृतीयपटलगत-दोषः,A disorder characterized by some or all the following signs and symptoms: presence of vision in an upward direction; absence of vision in a downward direction; even large objects appearing as if covered with a cloth; faces seemingly appearing with absence of ear; nose and eye; dṛṣṭi coloured according to the afflicting dosha; seeing body parts without features.,64572001,Disease,UMLS_API,Matched,C0012634,Disease,0.9946,305
ITA-5.66.29,Disorder affecting fourth layer of eye,Disorder affecting fourth layer of eye,caturthapaṭalagata-doṣaḥ,ितुरवापटलगत-दोषः,A disorder characterized by some or all the following signs and symptoms: the ability to see only the stars; ability to see clear and bright objects; complete obstruction of vision in all directions; ability to see the moon and sun; ability to see lightning in the sky; ability to visualize dazzling objects; obstruction of vision.,64572001,Disease,UMLS_API,Matched,C0012634,Disease,0.9946,305
ITA-5.66.30,Mature cataract,Mature cataract,liṅganāśaḥ,वलङगिाशः,A disorder characterized by ability to see only glowing objects; impariment of vision; objects appearing to be dazzling; seeing star-like objects; seeing lightning before eyes.,849000,Mature cataract,UMLS_API,Matched,C0205286,Mature,0.9965,305
ITA-5.66.36,Mature cataract in which only yellow is perceived,Mature cataract in which only yellow is perceived,parimlāyi-liṅganāśaḥ,परिमलावय-वलङगिाशः,A disorder characterized by some or all the following signs and symptoms: seeing all directions as yellow; seeing rising sun before eyes; seeing trees as if strewn with many shining fireflies; colour of glowing fire; light blue; circular lesion; yellowish-blue circular patch appearing before eyes; seeing objects as coloured yellow; seeing objects as fire.,34071009,Mature,UMLS_API,Matched,C0205286,Mature,0.9965,306
ITA-5.66.37,Mature cataract due to trauma,Mature cataract due to trauma,abhighātaja-liṅganāśaḥ,अवभघातज-वलङगिाशः,A disorder characterized by a cracked cornea; weakness of eyes; loss of vision; fatigued mind and body.,34071009,Mature,UMLS_API,Matched,C0205286,Mature,0.9965,306
ITA-5.66.38,Daytime blindness,Daytime blindness,pittavidagdhadṛṣṭiḥ/ divāndhyam/ doṣāndhyam,वप्तवर्दगधदवृ ष्ः/ कदर्ानरयम्/दोषानरयम्,A disorder characterized by yellowish discoloration of eyes; seeing objects as yellow; day blindness; normal vision at night; loss of vision after sunset.,399323001,Day blindness,UMLS_API,Matched,C0018975,Hemeralopia,0.7715,306
ITA-5.66.39,Night blindness,Night blindness,kaphavidagdhadṛṣṭiḥ/ rātryāndhyam,्कफवर्दगधदवृ ष्ः/िात्यानरयम्,A disorder characterized by all objects being perceived as white; night blindness; eyes favoured by the sun during daytime when objects can be seen.,65194006,Night blindness,UMLS_API,Matched,C0028077,Nyctalopia,0.9679,307
ITA-5.66.40,Haziness of vision,Haziness of vision,dhūmadarśī/ dhūmaraḥ,धूमदशवी/धूमिः,A disorder characterized by seeing everything as if covered with smoke; eyes appearing dirty with cloudy appearance.,,,,Unmatched,,,0.0,307
ITA-5.66.41,"Retinitis pigmentosa, central opacity of lens",Retinitis pigmentosa,hrasvajāḍyam,ह्रसर्जाड्यम्,A disorder characterized by seeing small objects with great difficulty during daytime; pupils appearing small.,28835009,Retinitis pigmentosa,UMLS_API,Matched,C0035334,Retinitis Pigmentosa,0.9782,307
ITA-5.66.42,Maculopathy,Maculopathy,nakulāndhyam,ि्कुलानरयम्,A disorder characterized by eyes shining like a mangoose’s; seeing objects with variegated colours during daytime; inability to see objects in variegated colours at night.,367649002,Epiretinal membrane,UMLS_API,Matched,C0024437,Macular degeneration,0.9931,307
ITA-5.66.43,Phthisis bulbi endophthalmitis,Phthisis bulbi endophthalmitis,gambhīrā-dṛṣṭiḥ,गमभीिा-दवृ ष्ः,A disorder characterized by deformed eyes; eyes shrunk inwards; intense pain; constriction of ocular vessels.,1847009,Endophthalmitis,UMLS_API,Matched,C0014236,Endophthalmitis,0.7928,307
ITA-5.66.44,Eye disorder due to over-consumption of sour foods,Eye disorder due to over-consumption of sour foods,vidagdhāmlam,वर्दगधामलम्,A disorder characterized by moistening/soddening; itching; dirtiness.,371405004,Disorder of eye,UMLS_API,Matched,C0015397,Disorder of eye,0.9774,307
ITA-5.66.45,Eye disorder with a particular cause,Eye disorder with a particular cause,nimittajanya- dṛṣṭigatarogaḥ,विवम्तजनय-दवृ ष्गतिोगः,A disorder characterized by features of abhiṣyanda.,371405004,Disorder of eye,UMLS_API,Matched,C0015397,Disorder of eye,0.9774,307
ITA-5.66.46,Eye disorder with no particular cause; unknown cause,unknown cause,animittajanya- dṛṣṭigatarogaḥ,अविवम्तजनय-दृवष्गतिोगः,A disorder characterized by blindness; unclear vision; colour of eye resembling a cat’s-eye gem; occasional normal vision; fixed gaze; impairment of vision; bright-looking.,282664001,Renal artery stenosis of unknown cause,UMLS_API,Matched,,,0.0,307
ITA-5.66.47,Pterygium,Pterygium,prastāryarma,प्रसतायवामवा,A disorder characterized by a spreading membranous growth; thin membranous growth; membranous growth resembling blood; bluish tinge; soft membranous growth; sudden membranous growth; painless; having blackish and bloodlike lustre.,77489003,Pterygium,UMLS_API,Matched,C0033999,Pterygium,0.9442,307
ITA-5.66.48,Pinguecula,Pinguecula,śuklārma,शुकलामवा,A disorder characterized by a soft muscular growth; whitish muscular growth; even muscular growth; gradual growth of tissue.,87614000,Pinguecula,UMLS_API,Matched,C0152255,Pinguecula,0.9508,307
ITA-5.66.49,Progressive pterygium,Progressive pterygium,lohitārma/ kṣatārma,लोवितामवा/क्षतामवा,A disorder characterized by muscular growth resembling a lotus; even muscular growth; glossy muscular growth; soft tissue resembling a lotus flower.,193881001,"Peripheral pterygium, progressive",UMLS_API,Matched,C0205329,Progressive,0.9775,308
ITA-5.66.50,Papilloma,Papilloma,adhimāṃsajārma,अवधमांसजामवा,A disorder characterized by a spreading muscular growth; soft muscular growth; large muscular growth; muscular growth resembling liver tissue; blackish muscular growth; muscular growth resembling dry coagulated blood; spreading soft tissue.,25499005,Seborrheic keratosis,UMLS_API,Matched,C0030354,Papilloma,0.9848,308
ITA-5.66.51,Tumour of conjunctiva,Tumour of conjunctiva,snāyvarma,निायर्मवा,A disorder characterized by rough muscular growth; excessively white muscular growth; muscular growth resembling tendons; spreading in nature; swelling associated with abundant fleshy tissue; dry tissue; fixed swelling.,363463000,Malignant neoplasm of conjunctiva,UMLS_API,Matched,C0027651,Neoplasms,0.9993,308
ITA-5.66.52,Xerosis,Xerosis,śuktiḥ,शुव्तः,A disorder characterized by blackish fleshlike dots; dots resembling muscle tissue; dots having the lustre of a pearl shell; blackish spots; yellowish spots; resembling a dirty mirror; burning sensation; pain; altered bowels/loose stools; thirst; fever.,89105000,Asteatosis cutis,UMLS_API,Matched,C0259817,Xerosis,0.9639,308
ITA-5.66.53,Subconjunctival haemorrhage of haemangioma,Subconjunctival haemorrhage of haemangioma,arjunaḥ,अजुवािः,A disorder characterized by a dot resembling rabbit’s blood; painless; glossy.,400210000,Hemangioma,UMLS_API,Matched,C0018916,Hemangioma,0.9909,308
ITA-5.66.54,Lymphangioma,Lymphangioma,piṣṭakaḥ,वपष््कः,A disorder characterized by raised lesions resembling waterdrops; raised growth like rice-paste; rounded.,400178008,Lymphangioma,UMLS_API,Matched,C0024221,Lymphangioma,0.9922,308
ITA-5.66.55,Haemangioma,Haemangioma,sirājālaḥ,वसिाजालः,A disorder characterized by an extensive branched network of rigid veins full of blood; covered with hard vessels; broad/ extensive; associated with blood; large network of veins; thick network of veins; reddish vascular network; raised vascular network.,400210000,Hemangioma,UMLS_API,Matched,C0018916,Hemangioma,0.9909,308
ITA-5.66.56,Phlyctenular keratoconjunctivitis,Phlyctenular keratoconjunctivitis,sirājapiḍakā,वसिाजवप््का,A disorder characterized by papules; network of veins; situated near the cornea; vessels associated with burning sensation; vascular growth leading to friction; increased vascular network; eruptions resembling mustard seeds.,67895005,Phlyctenular keratoconjunctivitis,UMLS_API,Matched,C0155080,Phlyctenular keratoconjunctivitis,0.9692,308
ITA-5.66.57,Conjunctival cyst,Conjunctival cyst,balāsakaḥ,बलास्कः,A disorder characterized by a growth resembling a water drop and having a bell metal lustre occurring in the white sclera of eye and neither soft nor painful; resembling water drops; hard swelling; painless swelling; reddish swelling; extensive swelling; heaviness; smooth/unctuous/oily.,193901000,Conjunctival cyst,UMLS_API,Matched,C0155170,Conjunctival cyst,0.9714,309
ITA-5.66.58,Acute dacrocystitis,Acute dacrocystitis,pūyālasaḥ,पूयालसः,A disorder characterized by a swelling over the medial canthus; suppurated swelling; putrid purulent discharge; thick prurulent discharge; minute wound; preceding swelling; preceding redness of eyes; swelling over medial canthus; pricking pain in inner canthus.,85777005,Dacryocystitis,UMLS_API,Matched,C0010930,Dacryocystitis,0.8383,309
ITA-5.66.59,"Marginal chalazion, lacrimal cyst",Marginal chalazion,upanāhaḥ,उपिािः,A disorder characterized by some or all the following signs and symptoms: a swelling in dṛṣṭisandhiḥ; large swelling; nonsuppurative swelling; associated with itching; painless; sharp-tipped swelling; resembling bubble of alkali; broad- based swelling; smooth/unctuous/oily; body-coloured swelling; soft swelling; slimy swelling; excessive swelling.,,,,Unmatched,,,0.0,309
ITA-5.66.60,Epiphora,Epiphora,srāvaḥ,स्ार्ः,A disorder characterized by discharge at the inner canthus; painless discharge.,193982009,Epiphora,UMLS_API,Matched,C0152227,Excessive tearing,0.9887,309
ITA-5.66.61,Pus discharge from corners of eye,Pus discharge from corners of eye,pūyasrāvaḥ/ sannipātaja-srāvaḥ,पूयस्ार्ः/सवनिपातज-स्ार्ः,A disorder characterized by some or all the following signs and symptoms: discharge in the canthus; pus discharge; suppurative discharge from inner canthus; mixed symptoms of all dosha; discharge from inner canthus; recurrent purulent discharge; blood-mixed discharge.,81745001,Eye structure,UMLS_API,Matched,C0015392,Eye,0.9995,309
ITA-5.66.62,"White, sticky discharge from corners of eye","White, sticky discharge from corners of eye",śleṣmā-srāvaḥ,श्लेक्मा-स्ार्ः,A disorder characterized by white-coloured discharge; thick discharge; slimy discharge; painless discharge; profuse discharge.,74390002,Wolff-Parkinson-White pattern,UMLS_API,Matched,C0015392,Eye,0.9995,309
ITA-5.66.63,Blood exudation from corners of eye,Blood exudation from corners of eye,rakta-srāvaḥ,ि्त-स्ार्ः,A disorder characterized by bloody discharge; warm discharge; profuse discharge; not very dense discharge; coppery-coloured discharge; profuse discharge of vitiated blood.,81745001,Eye structure,UMLS_API,Matched,C0015392,Eye,0.9995,309
ITA-5.66.64,Yellowish-blue exudation from corners of eye,Yellowish-blue exudation from corners of eye,pitta-srāvaḥ,वप्त-स्ार्ः,A disorder characterized by discharge from the middle of the sandhiḥ; warm discharge; watery discharge; turmeric- coloured discharge; yellowish discharge.,81745001,Eye structure,UMLS_API,Matched,C0015392,Eye,0.9995,310
ITA-5.66.65,Watery exudation from corners of eye,Watery exudation from corners of eye,jala-srāvaḥ,जल-स्ार्ः,A disorder characterized by some or all the following signs and symptoms: a watery discharge occurring at the junction of eyelids and sclera; discharge from inner canthus; pain; redness/congestion; oedema; lacrimation occurring during digestion.,81745001,Eye structure,UMLS_API,Matched,C0015392,Eye,0.9995,310
ITA-5.66.66,Corneal nodules,Corneal nodules,parvaṇikā,पर्वावण्का,A disorder characterized by nodules at the sclerocorneal junction; coppery-coloured swelling; thin swelling; swelling with burning sensation; swelling with pain; rounded swelling.,,,,Unmatched,,,0.0,310
ITA-5.66.67,Phlyctenular keratoconjuctivitis,Phlyctenular keratoconjuctivitis,alajī,अलजी,A disorder characterized by some or all the following signs and symptoms: a swelling originating in the limbus region; coppery-coloured swelling; large swelling; swelling with burning sensation; swelling with pain; rounded swelling; situated in medial canthus; similar to lesions of the same name; hard eruption; red eruptions; white-coloured eruption; boil full of blisters; pain in interdigital space of feet; itching in interdigital space of foot; rotting in interdigital space of foot; burning in interdigital space of foot.,67895005,Phlyctenular keratoconjunctivitis,UMLS_API,Matched,C0155080,Phlyctenular keratoconjunctivitis,0.882,310
ITA-5.66.68,"Chronic blepharitis, pedicularis palpebrae",Chronic blepharitis,kṛmigranthiḥ,्कृवमग्रवनरः,A disorder characterized by some or all the following signs and symptoms: itching of the eyelids; itching of eyelashes; worms originating from the canthus; occurrence of different types of worms; vitiation of eyes; itching of lateral canthus; itching of medial canthus; burning sensation of lateral canthus; burning sensation of medial canthus; eyelashes sticking together; pus discharge; worm-infested swelling; painful swelling; itching of eyelid margins; damaging inner parts of eye.,95751000,Chronic blepharitis,UMLS_API,Matched,C0521729,Chronic blepharitis,0.9915,310
ITA-5.66.70,Hordeolum internum (stye),stye,utsaṅginī,उतसवङगिी,"A disorder characterized by some or all the following signs and symptoms: an inward-pointing boil; external swellling; occurring under eyelid; reddish papules/eruptions; covered with similar boils; hard; mild pain; discharge similar to spilled contents of chicken egg; large, raised boil on the outer surface of eyelid with itching; coppery red boil on the outer surface of eyelid but opening inwards.",1489008,External hordeolum,UMLS_API,Matched,C0019917,Hordeolum,0.9446,311
ITA-5.66.71,Multiple styes,Multiple styes,kumbhīkā,्कुमभी्का,A disorder characterized by some or all the following signs and symptoms: boils resembling kumbhīka seeds; enlarging even after puncture; black-coloured boils; multiple boils; situated inside eyelid; tense boils on lid margin; boils bursting on lid margin; discharging boils.,260396001,Numerous,UMLS_API,Matched,C0439064,Numerous,0.7753,311
ITA-5.66.72,Trachoma,Trachoma,pothakī,पोर्की,A disorder characterized by some or all the following signs and symptoms: discharging boils in the eyelids; boils with itching in the eyelids; heaviness in the boils as well as eyelids; eruptions resembling red mustard seeds; painful boils in the eyelids; white-coloured boils; thick and firm lesion; oedema; excessive discharge of rheum; pain; itching; slimy lacrimation.,2576002,Trachoma,UMLS_API,Matched,C0040592,Trachoma,0.9939,311
ITA-5.66.73,"Spring catarrh, granular form of trachoma",Spring catarrh,vartmaśarkarā,र्तमवाश्कवािा,A disorder characterized by large rugous nodules; dense nodules; rough nodules; thick nodules.,C1384493,Catarrh,scispaCy_UMLS,Matched,C1384493,Catarrh,0.9712,311
ITA-5.66.74,Papillary form of trachoma,Papillary form of trachoma,arśovartma,अशवोर्तमवा,A disorder characterized by projections resembling eravaruka seeds appearing in the eyelids; mild pain; minute eruptions; rough boils; glossy.,2576002,Trachoma,UMLS_API,Matched,C0040592,Trachoma,0.9939,311
ITA-5.66.75,Granuloma or polyp-like growth,Granuloma or polyp-like growth,śuṣkārśaḥ/ lohitārśaḥ,शुक््काशवाः/लोविताशवाः,A disorder characterized by long; rough; firm and troublesome bud-like projections; rough; stiffness of eyelids; occurring on inner side of eyelids,45647009,Granuloma,UMLS_API,Matched,C0018188,Granuloma,0.9876,311
ITA-5.66.76,Stye,Stye,añjananāmikā,अञ्जििावम्का,A disorder characterized by some or all the following signs and symptoms: burning boils in eyelids; boils with pricking pain; copper-red boils in lid margin; soft eruption; mildly painful; minute eruptions; occurring in mid-eyelid; occurring near lid margin; itching; burning sensation with sweating and restlessness; firm; green gram-sized.,1489008,External hordeolum,UMLS_API,Matched,C0019917,Hordeolum,0.9446,312
ITA-5.66.77,Multiple Meibomian cysts,Multiple Meibomian cysts,bahalavartma,बिलर्तमवा,A disorder characterized by the whole eyelid being full of boils; having same colour as eyelids; even boils; large muscular growth; firm colourless boils in eyelids.,260396001,Numerous,UMLS_API,Matched,C0439064,Numerous,0.9883,312
ITA-5.66.78,Allergic oedema of the eyelid,Allergic oedema of the eyelid,vartmāvabandhakaḥ,र्तमावार्बनध्कः,A disorder characterized by itching; mild pricking sensation; oedema of eyelids; inability to close eyes properly.,80243003,Eyelid structure,UMLS_API,Matched,C0015426,Eyelid structure,0.9914,312
ITA-5.66.79,Lid abscess,Lid abscess,vartmakardamaḥ,र्तमवा्कदमवा ः,A disorder characterized by moist and watery eyelids; blackish discoloration; appearance resembling mud.,128477000,Abscess,UMLS_API,Matched,C0000833,Abscess,0.8226,312
ITA-5.66.80,Palpebral type of spring catarrah,Palpebral type of spring catarrah,kliṣṭavartma,वकलष्र्तमवा,A disorder characterized by the eyelid becoming soft; mildly painful and copper-red in colour; mild pain; coppery discoloration; even; suddenly becoming blood-red.,C0241232,spring (season),scispaCy_UMLS,Matched,C0241232,spring (season),0.9486,312
ITA-5.66.81,"Ecchymosis, haematoma of lid","Ecchymosis, haematoma of lid",śyāva-vartma,शयार्-र्तमवा,A disorder characterized by the eyelid appearing blackish externally and internally; blackish on inside; swelling; associated with pain; burning sensation; itching; moistness.,77643000,Ecchymosis,UMLS_API,Matched,C0018944,Hematoma,0.9913,312
ITA-5.66.82,Conjunctivitis,Conjunctivitis,praklinnavartma/ kaphotkliṣṭa-vartma,प्रवकलनिर्तमवा/ ्कफोवतकलष्-र्तमवा,A disorder characterized by some or all the following signs and symptoms: a painless swelling internally and externally; inwardly moist; discharge; excessive itching; pricking sensation; stiffness of eyelids; excessive secretion of waste products; fever; syncope or swooning; nonsuppuration of eyelids; repeated sticking of eyelids even if cleansed or not.,9826008,Conjunctivitis,UMLS_API,Matched,C0009763,Conjunctivitis,0.9724,312
ITA-5.66.83,Mucopurulent conjunctivitis,Mucopurulent conjunctivitis,apariklinnavartma/ kliṣṭa-vartma,अपरिवकलनिर्तमवा/ वकलष्-र्तमवा,A disorder characterized by the eyelids repeatedly sticking together even after recurrent cleansing; absence of suppuration.,243462001,Mucopurulent conjunctivitis,UMLS_API,Matched,C0009768,Bacterial conjunctivitis,0.9728,312
ITA-5.66.84,Lagophthalmos,Lagophthalmos,vātāhata-vartma,र्ाताित-र्तमवा,A disorder characterized by the palpebral fissure remaining open; loss of mobility of lids; nonclosing of eyelids; eyes remaining closed; painful or painless.,60735000,Lagophthalmos,UMLS_API,Matched,C0152226,Lagophthalmos,0.9873,313
ITA-5.66.85,Polyp or papilloma of lid,Polyp or papilloma of lid,vartmārbudaḥ,र्तमावाबुवादः,A disorder characterized by some or all the following signs and symptoms: a growth situated at the lid margin; irregular/ uneven; developing into a growth; painless; hyperaemic; hanging; swelling resembling muscular lump; hard swelling; movable externally.,441456002,Polyp,UMLS_API,Matched,C0032584,polyps,0.9634,313
ITA-5.66.86,Frequent blinking,Frequent blinking,nimeṣaḥ,विमेषः,A disorder characterized by frequent blinking of the eyes; frequent closing and opening of eyes; painless.,70232002,Frequent,UMLS_API,Matched,C0332183,Frequently,0.9685,313
ITA-5.66.87,Warts on eyelids,Warts on eyelids,vartmagata- raktārśaḥ/ śoṇitārśaḥ,र्तमवागत-ि्ताशवाः/शोवणताशवाः,A disorder characterized by growths continuing after repeated excision; soft growths; burning sensation; itching; pain; stiffness; smooth/unctuous/oily; associated with discharge.,80243003,Eyelid structure,UMLS_API,Matched,C0015426,Eyelid structure,0.9937,313
ITA-5.66.88,Chalazion,Chalazion,lagaṇaḥ,लगणः,A disorder characterized by a non-suppurating; hard; big; knotty; painless swelling in the eyelid; hardness; broad; painless swelling; itching; slimy; resembling a kola in size; pale swelling.,1482004,Chalazion,UMLS_API,Matched,C0007933,Meibomian Cyst,0.9283,313
ITA-5.66.89,Ulcerative conjunctivitis,Ulcerative conjunctivitis,bisavartma,वबसर्तमवा,A disorder characterized by external swelling; many minute openings on internal surface; multiple pores resembling the underground lotus stem; watery discharge internally.,9826008,Conjunctivitis,UMLS_API,Matched,C0009763,Conjunctivitis,0.7567,313
ITA-5.66.90,Constriction of eyelids,Constriction of eyelids,kuñcanaḥ,्कुञ्िः,,80243003,Eyelid structure,UMLS_API,Matched,C0015426,Eyelid structure,0.9937,313
ITA-5.66.91,"Trichiasis, entropion",Trichiasis,pakṣmakopaḥ/ pakṣmoparodhaḥ,पक्म्कोपः/पक्मोपिोधः,A disorder characterized by some or all the following signs and symptoms: the development of sharp eyelashes; rough eyelashes; repeated rubbing of eyeball; vitiation of eye; releif on plucking/removal of eyelash; aversion to wind; aversion to sunlight; aversion to fire; constriction/spasm of the eyelids; downward-looking eyebrows; swelling of eyes due to irritation by sharp eyelash tips; burning sensation with sweating and restlessness; loss of eyelashes from their roots; distorted eyelashes; inward-turning eyelashes; redness of black cornea and white sclera.,60332004,Malposition of eyelashes,UMLS_API,Matched,C0221259,Trichiasis,0.985,313
ITA-5.66.92,"Loss of eyelashes, madarosis",Loss of eyelashes,pakṣmaśātaḥ,पक्मशातः,A disorder characterized by itching along the margin of the eyelids; burning in eyelids; loss of eyelashes and burning sensation.,34887006,Madarosis of eyelid,UMLS_API,Matched,C1517945,Loss,0.9933,314
ITA-5.67.8,Trigeminal neuralgia,Trigeminal neuralgia,anantavātaḥ,अिनतर्ातः,A disorder characterized by some or all the following signs and symptoms: pain in the neck region; pain in nape of neck; pain residing at eyes; pain residing at eyebrows; pain residing at temporal region; pulsating sensation at zygomatic region; eye diseases; lockjaw/catching sensation over jaw; pain in neck; severe pain in nape of neck; pain in eyes; pain in eyebrows; pain in temporal region; pulsating sensation in zygomatic region; lockjaw/catching sensation over jaw; other eye diseases.,31681005,Trigeminal neuralgia,UMLS_API,Matched,C0040997,Trigeminal Neuralgia,0.9625,316
ITA-5.67.9,Headache in half of head (hemicrania),hemicrania,ardhāvabhedakaḥ,अधावार्भेद्कः,A disorder characterized by some or all the following signs and symptoms: severe pain in the neck resembling that caused by a sharp weapon; severe pain in neck resembling a sting; severe pain in eyebrows resembling that caused by sharp weapon; severe pain in eyebrows resembling a sting; severe pain in temporal region resembling that caused by sharp weapon; severe pain in temporal region resembling a sting; severe pain in ear resembling that caused by sharp weapon; severe pain in ear resembling a sting; severe pain in eyes resembling that caused by sharp weapon; severe pain in eyes resembling a sting; severe pain in one half of forehead resembling that caused by sharp weapon; severe pain in one half of forehead resembling a sting; disease progression giving rise to eye damage; disease progression giving rise to ear damage; severe breaking pain in upper part of body/head; severe pricking pain in upper part of body/head; severe giddiness; severe pain in head/upper part of body; sudden headache; fortnightly headache; headache developing about every 10 days; burning sensation in one half of head; pain developing within a month; self-limiting pain.,95654002,Chronic paroxysmal hemicrania,UMLS_API,Matched,C0302356,"incomplete anencephaly, hemicrania",0.9912,317
ITA-5.67.10,Headache worsening and subsiding with strength of sun,Headache worsening and subsiding with strength of sun,sūryāvartaḥ,सूयावार्तवाः,A disorder characterized by some or all the following signs and symptoms: headache worsening as the day progresses; reducing towards end of day; mild pain in eyes at sunrise; mild pain in eyebrows at sunrise; severe pain in eyes;. worsening in sunlight; subsiding with cold; sometimes subsiding with hot treatment; pulsating pain in temporal region at sunrise; pulsating pain in eyes at sunrise; pulsating pain in eyebrows at sunrise; pulsating pain in forehead at sunrise; worsening at midday; pain worsening on an empty stomach; uncertain comfort with cold; uncertain comfort with hot; pain subsiding later; pain subsiding at sunset.,25064002,Headache,UMLS_API,Matched,C0018681,Headache,0.9901,317
ITA-5.67.11,Severe pain at temporal region,Severe pain at temporal region,śaṅkhakaḥ,शङख्कः,,24484000,Severe,UMLS_API,Matched,C0205082,Severe (severity modifier),0.9812,317
ITA-5.68.1,Dysfunctional uterine bleeding,Dysfunctional uterine bleeding,asṛgdaraḥ/ raktapradaraḥ,असृगदिः/ि्तप्रदिः,A gynaecological disorder characterized by quantitative vitiation of blood; generalized body aches; pain; weakness; giddiness or dizziness; syncope or swooning; black-outs; thirst; burning sensation; excessive talking/irrelevant speech/ incoherent speech; pallor; drowsiness/lassitude; diseases of vata; intoxication.,44991000119100,Abnormal uterine bleeding,UMLS_API,Matched,C0042134,Uterine hemorrhage,0.9611,318
ITA-5.69.1,Vaginal disease,Vaginal disease,yonirogaḥ/ yonivyāpat,योवििोगः/योविव्ापत्,Disorders of female genitalia including the uterus.,198198001,"Cervical, vaginal and vulval inflammatory diseases",UMLS_API,Matched,C0042251,Vaginal Diseases,0.9747,319
ITA-5.70.1,Fetal expulsion in fifth or sixth month of pregnancy,Fetal expulsion in fifth or sixth month of pregnancy,garbhapātaḥ,गभवापातः,Miscarriage of a formed fetus in the fifth month of pregnancy; in the sixth month of pregnancy.,89185003,Monthly,UMLS_API,Matched,C0332177,Monthly (qualifier value),0.9988,321
ITA-5.71.2,Ophthalmia neonatorum,Ophthalmia neonatorum,kukūṇaka,्कु्कूण्कः,A disorder characterized by some or all the following signs and symptoms: swelling of the eyes; coppery redness of eyes; inability to see; pain in eyelids; stickiness of eyelids; rubbing of ears; rubbing of eyes; rubbing of nose; frontal headache; pain in eyes; irritation in nose; photophobia; difficulty in opening eyes.,34298002,Neonatal conjunctivitis,UMLS_API,Matched,C0029076,Ophthalmia Neonatorum,0.9816,323
ITA-5.71.3,Malnutrition disorder,Malnutrition disorder,pārigarbhikaḥ,पारिगरभवा्कः,A disorder characterized by some or all the following signs and symptoms: diminution of digestive power; loss of taste; emaciation; cough; abdominal enlargement; drowsiness/ lassitude; giddiness or dizziness; vomiting.,199741009,Malnutrition in pregnancy,UMLS_API,Matched,C3714509,Nutrition Disorders,0.8283,323
ITA-5.71.4,Dehydration of palate,Dehydration of palate,tālukaṇṭakaḥ,तालु्कणट्कः,A disorder characterized by some or all the following signs and symptoms: depression/sinking of anterior fontanelle; depression of palate; aversion to breast milk; difficulty in sucking; loose stools; thirst; itching in mouth; pain in eyes; inability to hold neck; vomiting.,34095006,Dehydration,UMLS_API,Matched,C0011175,Dehydration,0.9573,323
ITA-5.71.5,Paediatric erysipelas,Paediatric erysipelas,mahāpadmaḥ,मिापमिः,,,,,Unmatched,,,0.0,323
ITA-5.71.6,Nodular skin disease of children,Nodular skin disease of children,ajagallikā,अजगवलल्का,A disorder characterized by hard nodules/papular lesions; painless nodule; nodule resembling green gram in size; skin-coloured nodule; waxy/unctuous nodule.,67822003,Child,UMLS_API,Matched,C0008059,Child,0.9768,323
ITA-5.71.7,Napkin rash,Napkin rash,ahipūtana,अविपूति,A disorder characterized by some or all the following signs and symptoms: itching; sudden appearance of blisters; secretion from vesicles on itching; worsening of lesion on merging. A disorder that is generally due to unhygienic conditions or napkin allergy.,91487003,Diaper rash,UMLS_API,Matched,C0011974,Diaper Rash,0.8032,323
ITA-5.72.1,Poisoning,Poisoning,viṣaḥ,वर्षः,,1145155005,Lead and/or lead compound poisoning,UMLS_API,Matched,C0032343,Poisoning,0.9808,326
ITA-5.73.1,Injury of vulnerable locations,Injury of vulnerable locations,marmaviddhaḥ/ marmābhighātaḥ/ marmakṣataḥ,ममवावर्द्ः/ ममावावभघातः/ममवाक्षतः,A disorder characterized by some or all the following signs and symptoms: giddiness or dizziness; excessive talking/ irrelevant speech/incoherent speech; falling down; fainting/ severe confusion; uncoordinated movements; nonfunctioning of the mind as in sleep; feeling of warmth; flaccidity/laxity; syncope or swooning; upward movement of vata; severe breaking type of pain; bloody discharge resembling meat washings; cessation of all sense organ functioning; fatigued mind and body.,417163006,Traumatic or non-traumatic injury,UMLS_API,Matched,C3263722,Traumatic AND/OR non-traumatic injury,0.9709,331
